College Name,Genders Accepted,Campus Size,Total Student Enrollments,Total Faculty,Established Year,Rating,University,Courses,Facilities,City,State,Country,College Type,Average Fees
National Institute of Technology Rourkela ,Co-Ed,647 Acres,4811,329,2007,3.12,,"BT_ME, BT_CSE, BT_EE, BT_CE, BT_ECE, BT_ChemE, MT_ChemE, MT_CN, MT_CS","Boys Hostel, Girls Hostel, Gym, Library, Sports, Cafeteria, Medical/Hospital, Wifi, IT Infrastructure, Laboratories, Swimming Pool, Convenience Store, Alumni Associations, Guest Room, Banks Facilities",Rourkela,Odisha,India,Public/Government,350600.0
Birla Institute of Technology,Co-Ed,980 Acres,4506,284,1955,,,"BT_ECE, BT_ME, BT_ChemE, BT_CE, BT_CSE, BT_ECE, BT_ME, MT_CS","Boys Hostel, Girls Hostel, Gym, Library, Sports, Cafeteria, Auditorium, Medical/Hospital, IT Infrastructure, Transport, Laboratories, Convenience Store, Alumni Associations, Guest Room, Banks Facilities",Ranchi,Jharkhand,India,Private,596686.0465116279
Shanmugha Arts Science Technology Research and Academy,Co-Ed,232 Acres,9838,750,2001,3.54,,"BT_CSE, BT_ECE, BT_ECE, BT_ChemE, BT_CE, BT_CSE, BT_ECE, BT_ME, MT_ChemE","Boys Hostel, Girls Hostel, Gym, Library, Sports, Cafeteria, Auditorium, Medical/Hospital, Wifi, IT Infrastructure, Convenience Store, Banks Facilities",Thanjavur,Tamil Nadu,India,Private,415918.0327868852
Indian Institute of Technology Hyderabad ,Co-Ed,576 Acres,,190,2008,,,"BT_CSE, BT_EE, BT_ME, BT_CE, BT_ChemE, MT_ChemE","Boys Hostel, Girls Hostel, Gym, Library, Sports, Cafeteria, Auditorium, Medical/Hospital, Wifi, IT Infrastructure, Classrooms, Transport, Laboratories, Alumni Associations",Hyderabad,Telangana,India,Public/Government,288884.5945945947
Lovely Professional University,Co-Ed,600 Acres,47579,2200,2005,,,"BT_ChemE, BT_CE, BT_CSE, BT_EE, BT_ECE, BT_ME","Boys Hostel, Girls Hostel, Gym, Library, Sports, Cafeteria, Auditorium, Medical/Hospital, Wifi, IT Infrastructure, Transport, Convenience Store, Alumni Associations, Parking Facility, Guest Room, Banks Facilities",Phagwara,Punjab,India,Private,423667.1768707483
Sardar Vallabhbhai National Institute of Technology Surat ,Co-Ed,251 Acres,4785,170,1961,,,"BT_ME, BT_ECE, BT_CE, BT_EE, BT_ChemE, MT_ChemE","Boys Hostel, Girls Hostel, Gym, Library, Sports, Cafeteria, Auditorium, Medical/Hospital, Wifi, IT Infrastructure, Laboratories, Alumni Associations, Guest Room, Banks Facilities",Surat,Gujarat,India,Public/Government,224208.33333333334
National Institute of Technology Durgapur ,Co-Ed,187 Acres,3580,178,1960,,,"BT_CSE, BT_ME, BT_EE, BT_ECE, BT_CE, BT_ChemE, MT_ChemE","Boys Hostel, Girls Hostel, Gym, Sports, Cafeteria, Auditorium, Medical/Hospital, Wifi, IT Infrastructure, Laboratories, Alumni Associations",Durgapur,West Bengal,India,Public/Government,296571.7948717949
Indian Institute of Technology Banaras Hindu University Varanasi ,Co-Ed,,5902,338,1919,,,"BT_ChemE, BT_ME, BT_CE, BT_EE, BT_CSE, MT_ChemE","Boys Hostel, Girls Hostel, Gym, Library, Sports, Cafeteria, Auditorium, Medical/Hospital, Wifi, IT Infrastructure, Laboratories, Alumni Associations",Varanasi,Uttar Pradesh,India,Public/Government,445083.0188679245
MIT College of Engineering,Co-Ed,,1607,152,2001,,"Dr Vishwanath Karad MIT World Peace University, Pune","BT_CSE, BT_ME, BT_CE, BT_ECE, BT_ChemE, BT_EE","Boys Hostel, Girls Hostel, Gym, Library, Sports, Cafeteria, Auditorium, Medical/Hospital, Wifi, IT Infrastructure, Alumni Associations",Pune,Maharashtra,India,Private,943500.0
Malaviya National Institute of Technology Jaipur ,Co-Ed,317 Acres,4519,194,2007,,,"BT_CSE, BT_EE, BT_ECE, BT_ME, BT_ChemE, BT_CE, MT_ChemE","Boys Hostel, Girls Hostel, Library, Sports, Cafeteria, Medical/Hospital, IT Infrastructure, Guest Room, Banks Facilities",Jaipur,Rajasthan,India,Public/Government,357081.08108108107
Maulana Azad National Institute of Technology Bhopal ,Co-Ed,650 Acres,5137,179,1960,,,"BT_CSE, BT_ME, BT_ECE, BT_EE, BT_CE, BT_ChemE","Boys Hostel, Girls Hostel, Gym, Library, Sports, Cafeteria, Auditorium, Medical/Hospital, IT Infrastructure, Laboratories, Alumni Associations, Guest Room, Banks Facilities",Bhopal,Madhya Pradesh,India,Public/Government,264609.756097561
Indian Institute of Technology Indian School of Mines Dhanbad ,Co-Ed,218 Acres,7545,293,1926,,,"BT_CSE, BT_ME, BT_EE, BT_ECE, BT_CE, BT_ChemE, MT_ChemE","Boys Hostel, Girls Hostel, Gym, Library, Sports, Cafeteria, Auditorium, Medical/Hospital, Wifi, IT Infrastructure, Laboratories, Convenience Store, Alumni Associations, Guest Room",Dhanbad,Jharkhand,India,Public/Government,265595.744680851
Harcourt Butler Technical University,Co-Ed,348 Acres,,79,1921,,,"BT_CSE, BT_ME, BT_ChemE, BT_EE, BT_CE, MT_ChemE","Boys Hostel, Girls Hostel, Gym, Library, Cafeteria, Auditorium, Medical/Hospital, IT Infrastructure, Convenience Store, Alumni Associations, Guest Room, Banks Facilities",Kanpur,Uttar Pradesh,India,Public/Government,455480.0
Indian Institute of Technology Gandhinagar ,Co-Ed,400 Acres,1588,96,2008,,,"MT_ChemE, BT_ChemE, BT_ME, BT_CSE, BT_EE, BT_CE","Boys Hostel, Girls Hostel, Gym, Library, Sports, Cafeteria, Auditorium, Medical/Hospital, IT Infrastructure, Classrooms, Laboratories, Alumni Associations, Banks Facilities",Gandhinagar,Gujarat,India,Public/Government,432550.0
Indian Institute of Technology Ropar ,Co-Ed,500 Acres,1468,115,2008,,,"BT_EE, BT_ME, BT_CSE, BT_CE, BT_ChemE, MT_ChemE","Boys Hostel, Girls Hostel, Gym, Library, Sports, Cafeteria, Auditorium, Medical/Hospital, Wifi, IT Infrastructure, Transport, Alumni Associations, Guest Room",Rupnagar,Punjab,India,Public/Government,358525.45454545453
JC Bose University of Science and Technology,Co-Ed,20 Acres,3174,173,1969,3.08,,"BT_ME, BT_ME, BT_ME, BT_CSE, BT_ME, BT_CE, BT_CE, BT_CE, BT_CE, BT_CE, BT_CE, BT_CSE, BT_CSE, BT_CSE, BT_EE, BT_EE, BT_ECE, BT_ECE, BT_ECE, BT_ME, BT_ME, BT_ME, BT_ME, BT_CE, BT_ECE, BT_CE, BT_CSE, BT_ECE, BT_ECE, BT_ECE","Boys Hostel, Girls Hostel, Library, Sports, Cafeteria, Auditorium, Medical/Hospital, Wifi, IT Infrastructure, Classrooms, Laboratories, Alumni Associations, Guest Room, Banks Facilities",Faridabad,Haryana,India,Public/Government,248510.43956043955
National Institute of Technology Raipur ,Co-Ed,100 Acres,3785,242,1956,,,"BT_ECE, BT_EE, BT_ME, BT_CE, BT_ChemE, MT_ChemE","Boys Hostel, Girls Hostel, Gym, Library, Sports, Cafeteria, Auditorium, Medical/Hospital, IT Infrastructure, Laboratories, Convenience Store, Alumni Associations, Banks Facilities",Raipur,Chhattisgarh,India,Public/Government,377000.0
Institute of Engineering and Technology,Co-Ed,100 Acres,2545,63,1984,,"Dr APJ Abdul Kalam Technical University, Lucknow","BT_ChemE, BT_CE, BT_CSE, BT_ECE, BT_ME, BT_EE","Boys Hostel, Girls Hostel, Gym, Library, Sports, Medical/Hospital, IT Infrastructure, Laboratories, Banks Facilities",Lucknow,Uttar Pradesh,India,Public/Government,265307.6923076923
Dr B R Ambedkar National Institute of Technology Jalandhar ,Co-Ed,154 Acres,3340,208,2002,,,"BT_CE, BT_ECE, BT_CSE, BT_ME, BT_ChemE, BT_EE, MT_ChemE","Boys Hostel, Girls Hostel, Gym, Library, Sports, Cafeteria, Auditorium, Medical/Hospital, Wifi, IT Infrastructure, Transport, Laboratories, Convenience Store, Alumni Associations, Guest Room, Banks Facilities",Jalandhar,Punjab,India,Public/Government,309872.7272727273
Heritage Institute of Technology,Co-Ed,,4261,205,2001,2.76,"Maulana Abul Kalam Azad University of Technology, Kolkata","BT_CSE, BT_ECE, BT_CE, BT_ME, BT_ChemE, BT_EE","Boys Hostel, Girls Hostel, Library, Sports, Cafeteria, Auditorium, Medical/Hospital, Wifi, IT Infrastructure, Transport, Laboratories, Convenience Store, Alumni Associations, Banks Facilities",Kolkata,West Bengal,India,Private,326320.0
National Institute of Technology Hamirpur ,Co-Ed,320 Acres,3476,132,1986,,,"BT_EE, BT_CE, BT_ME, BT_CSE, BT_ECE, BT_ChemE","Boys Hostel, Girls Hostel, Library, Cafeteria, Auditorium, Medical/Hospital, IT Infrastructure, Laboratories, Convenience Store, Alumni Associations, Guest Room, Banks Facilities",Hamirpur,Himachal Pradesh,India,Public/Government,290307.8125
Maulana Abul Kalam Azad University of Technology,Co-Ed,40 Acres,409,20,2000,2.87,,"BT_CE, BT_CSE, BT_CSE, BT_CSE, BT_CSE, BT_ECE, BT_ECE, BT_ECE, BT_ME, BT_ME, BT_ME, BT_ChemE, BT_CE, BT_CE, BT_CE, BT_CE, BT_CE, BT_CE, BT_CE, BT_CE, BT_CE, BT_CE, BT_CE, BT_CE, BT_CE, BT_CE, BT_CE, BT_CE, BT_CE, BT_CSE, BT_CSE, BT_CSE, BT_CSE, BT_CSE, BT_CSE, BT_CSE, BT_CSE, BT_CSE, BT_CSE, BT_CSE, BT_CSE, BT_EE, BT_EE, BT_EE, BT_EE, BT_EE, BT_EE, BT_EE, BT_EE, BT_EE, BT_EE, BT_EE, BT_EE, BT_EE, BT_EE, BT_EE, BT_ECE, BT_ECE, BT_ECE, BT_ECE, BT_ECE, BT_ECE, BT_ECE, BT_ECE, BT_ECE, BT_ECE, BT_ECE, BT_ECE, BT_ECE, BT_ECE, BT_ECE, BT_ME, BT_ME, BT_ME, BT_ME, BT_ME, BT_ME, BT_ME, BT_ME, BT_ME, BT_ME, BT_ME, BT_ME, BT_ME, BT_ME, BT_ME, BT_ME, BT_CSE, BT_ECE, BT_ME, BT_CE, BT_CE, BT_CSE, BT_CSE, BT_CSE, BT_CSE, BT_EE, BT_EE, BT_ECE, BT_ECE, BT_ECE, BT_ECE, BT_ECE, BT_ECE, BT_ME, BT_ME, BT_ME, BT_ChemE, BT_ChemE, BT_ChemE, BT_CE, BT_CE, BT_CE, BT_CE, BT_CE, BT_CE, BT_CE, BT_CE, BT_CE, BT_CE, BT_CE, BT_CE, BT_CE, BT_CE, BT_CE, BT_CE, BT_CE, BT_CE, BT_CE, BT_CE, BT_CE, BT_CE, BT_CE, BT_CE, BT_CE, BT_CE, BT_CE, BT_CE, BT_CE, BT_CE, BT_CE, BT_CSE, BT_CSE, BT_CSE, BT_CSE, BT_CSE, BT_CSE, BT_CSE, BT_CSE, BT_CSE, BT_CSE, BT_CSE, BT_CSE, BT_CSE, BT_CSE, BT_CSE, BT_CSE, BT_CSE, BT_CSE, BT_CSE, BT_CSE, BT_CSE, BT_CSE, BT_CSE, BT_CSE, BT_CSE, BT_CSE, BT_CSE, BT_CSE, BT_CSE, BT_CSE, BT_CSE, BT_CSE, BT_CSE, BT_CSE, BT_CSE, BT_CSE, BT_CSE","Boys Hostel, Girls Hostel, Gym, Library, Sports, Cafeteria, Auditorium, Medical/Hospital, Wifi, IT Infrastructure, Classrooms, Laboratories, Alumni Associations, Guest Room, Banks Facilities",Kolkata,West Bengal,India,Public/Government,338536.7924528302
Shiv Nadar University,Co-Ed,286 Acres,2062,177,2011,2.85,,"BT_ChemE, BT_CE, BT_CSE, BT_ECE, BT_ME, MT_ChemE","Boys Hostel, Girls Hostel, Gym, Library, Sports, Cafeteria, Auditorium, Wifi, IT Infrastructure, Classrooms, Transport, Laboratories, Alumni Associations, Banks Facilities",Greater Noida,Uttar Pradesh,India,Private,542241.3793103448
Sri Venkateswara University College of Engineering,Co-Ed,40 Acres,1514,52,1959,,"Sri Venkateswara University, Tirupati","BT_ChemE, BT_CE, BT_CSE, BT_ECE, BT_ME, MT_ChemE","Boys Hostel, Girls Hostel, Gym, Library, Sports, Medical/Hospital, IT Infrastructure, Alumni Associations",Tirupati,Andhra Pradesh,India,Public/Government,47176.470588235294
National Institute of Technology Agartala ,Co-Ed,366 Acres,3489,104,1965,,,"BT_CSE, BT_ECE, BT_ME, BT_EE, BT_CE, BT_ChemE, MT_ChemE","Boys Hostel, Girls Hostel, Library, Sports, Cafeteria, Medical/Hospital, Wifi, IT Infrastructure, Laboratories, Alumni Associations, Banks Facilities",Agartala,Tripura,India,Public/Government,260783.7837837838
Dr APJ Abdul Kalam Technical University,Co-Ed,,,,2000,,,"BT_CSE, BT_CSE, BT_CSE, BT_CSE, BT_CSE, BT_CSE, BT_CSE, BT_ECE, BT_ECE, BT_ECE, BT_ME, BT_ME, BT_ME, BT_ME, BT_CE, BT_CE, BT_CE, BT_CE, BT_CE, BT_CSE, BT_CSE, BT_CSE, BT_CSE, BT_CSE, BT_CSE, BT_CSE, BT_CSE, BT_CSE, BT_CSE, BT_CSE, BT_CSE, BT_ECE, BT_ECE, BT_ECE, BT_ECE, BT_ECE, BT_ECE, BT_ECE, BT_ECE, BT_ECE, BT_ECE, BT_ECE, BT_ECE, BT_ME, BT_ME, BT_ME, BT_ME, BT_ME, BT_ME, BT_ME, BT_ME, BT_ME, BT_ME, BT_ME, BT_ME, BT_ME, BT_ME, BT_ME, BT_ME, BT_CE, BT_CE, BT_CE, BT_CSE, BT_ECE, BT_ME, BT_ME, BT_ME, BT_CE, BT_CE, BT_CE, BT_CE, BT_CE, BT_CE, BT_CE, BT_CE, BT_CE, BT_CE, BT_CE, BT_CE, BT_CE, BT_CE, BT_CE, BT_CE, BT_CE, BT_CE, BT_CE, BT_CE, BT_CE, BT_CE, BT_CE, BT_CE, BT_CE, BT_CE, BT_CE, BT_CE, BT_CE, BT_CE, BT_CE, BT_CE, BT_CE, BT_CE, BT_CE, BT_CE, BT_CE, BT_CE, BT_CE, BT_CE, BT_CE, BT_CE, BT_CE, BT_CE, BT_CE, BT_CE, BT_CE, BT_CE, BT_CE, BT_CE, BT_CE, BT_CSE, BT_CSE, BT_CSE, BT_CSE, BT_CSE, BT_CSE, BT_CSE, BT_CSE, BT_CSE, BT_CSE, BT_CSE, BT_CSE, BT_CSE, BT_CSE, BT_CSE, BT_CSE, BT_CSE, BT_CSE, BT_CSE, BT_CSE, BT_CSE, BT_CSE, BT_CSE, BT_CSE, BT_CSE, BT_CSE, BT_CSE, BT_CSE, BT_CSE, BT_CSE, BT_CSE, BT_CSE, BT_CSE, BT_CSE, BT_CSE, BT_CSE, BT_CSE, BT_CSE, BT_CSE, BT_CSE, BT_CSE, BT_CSE, BT_CSE, BT_CSE, BT_CSE, BT_CSE","Library, Sports, IT Infrastructure, Laboratories",Lucknow,Uttar Pradesh,India,Public/Government,316023.2727272727
GITAM University,Co-Ed,255 Acres,72259,847,1980,3.53,,"BT_CSE, BT_ECE, BT_ME, BT_CE, BT_CE, BT_CE, BT_CSE, BT_CSE, BT_ECE, BT_ECE, BT_ME, BT_ME","Boys Hostel, Girls Hostel, Library, Sports, Cafeteria, Auditorium, Medical/Hospital, Wifi, Transport, Banks Facilities",Visakhapatnam,Andhra Pradesh,India,Private,421933.8095238095
Koneru Lakshmaiah Education Foundation,Co-Ed,100 Acres,15544,978,2009,3.57,,"BT_CSE, BT_ECE, BT_CSE, BT_ME, BT_CE, BT_ECE, BT_ME","Boys Hostel, Girls Hostel, Gym, Library, Sports, Cafeteria, Auditorium, Medical/Hospital, Wifi, IT Infrastructure, Transport, Laboratories, Alumni Associations, Guest Room, Banks Facilities",Guntur,Andhra Pradesh,India,Private,471162.79069767444
Galgotias University,Co-Ed,52 Acres,13241,719,2011,,,"BT_ECE, BT_ME, BT_CE, BT_CSE, BT_EE, BT_ChemE, MT_ChemE","Boys Hostel, Girls Hostel, Gym, Library, Sports, Cafeteria, Auditorium, Medical/Hospital, Wifi, IT Infrastructure, Classrooms, Transport, Alumni Associations",Greater Noida,Uttar Pradesh,India,Private,310501.3888888889
Kurukshetra University,Co-Ed,473 Acres,8099,590,1956,3.52,,"BT_CE, BT_CSE, BT_ME, BT_ME, BT_CE, BT_CE, BT_CE, BT_CE, BT_CE, BT_CE, BT_CE, BT_CE, BT_CE, BT_CE, BT_CE, BT_CSE, BT_CSE, BT_CSE, BT_CSE, BT_ECE, BT_ECE, BT_ECE, BT_ME, BT_ME, BT_ME, BT_ME, BT_ME, BT_ME, BT_ME, BT_ME, BT_ME, BT_CE, BT_CE, BT_CE, BT_CSE, BT_CSE, BT_CSE, BT_CSE, BT_CSE, BT_ECE, BT_ME, BT_ME, BT_ME, BT_ME, BT_ME, BT_ME, BT_ME, BT_ME, BT_CE, BT_CE, BT_CE, BT_CE, BT_CE, BT_CE, BT_CE, BT_CE, BT_CE, BT_CE, BT_CE, BT_CE, BT_CE, BT_CE, BT_CE, BT_CE, BT_CE, BT_CE, BT_CSE, BT_CSE","Boys Hostel, Girls Hostel, Gym, Library, Sports, Cafeteria, Auditorium, Medical/Hospital, Wifi, IT Infrastructure, Transport, Laboratories, Swimming Pool, Alumni Associations, Guest Room, Banks Facilities",Kurukshetra,Haryana,India,Public/Government,177177.98850574714
Guru Nanak Dev University,Co-Ed,500 Acres,9220,242,1969,3.51,,"BT_CSE, BT_ECE, BT_CSE, BT_CE, BT_ECE, BT_ME","Boys Hostel, Girls Hostel, Gym, Library, Sports, Cafeteria, Auditorium, Medical/Hospital, Wifi, IT Infrastructure, Laboratories, Alumni Associations, Parking Facility, Guest Room",Amritsar,Punjab,India,Public/Government,135126.71755725192
Cochin University of Science and Technology,Co-Ed,180 Acres,4096,378,1971,3.09,,"BT_CSE, BT_ECE, BT_CE, BT_ME, BT_CSE, BT_ECE, BT_CE, BT_CSE, BT_ECE, BT_ME","Boys Hostel, Girls Hostel, Gym, Library, Sports, Cafeteria, Auditorium, Medical/Hospital, IT Infrastructure, Transport, Laboratories, Convenience Store, Alumni Associations, Guest Room, Banks Facilities",Kochi,Kerala,India,Public/Government,156140.39215686274
Haldia Institute of Technology,Co-Ed,37 Acres,4404,248,1996,3.31,"Maulana Abul Kalam Azad University of Technology, Kolkata","BT_ECE, BT_ME, BT_ChemE, BT_CE, BT_EE, MT_ChemE","Boys Hostel, Girls Hostel, Gym, Library, Sports, Cafeteria, Auditorium, Medical/Hospital, Wifi, IT Infrastructure, Laboratories, Alumni Associations",Haldia,West Bengal,India,Private,284000.0
National Institute of Technology Srinagar ,Co-Ed,,2565,80,1960,,,"BT_CE, BT_ECE, BT_EE, BT_ChemE, BT_ME, MT_ChemE","Boys Hostel, Girls Hostel, Gym, Library, Sports, Cafeteria, Auditorium, Medical/Hospital, Wifi, IT Infrastructure, Alumni Associations, Guest Room",Srinagar,Jammu and Kashmir,India,Public/Government,332444.44444444444
Dr Vishwanath Karad MIT World Peace University,Co-Ed,52 Acres,4702,511,2017,,,"BT_CSE, BT_CSE, BT_ME, BT_CE, BT_ECE, BT_ChemE, BT_EE","Boys Hostel, Girls Hostel, Gym, Library, Sports, Cafeteria, Auditorium, Medical/Hospital, Wifi, IT Infrastructure, Swimming Pool, Alumni Associations, Banks Facilities",Pune,Maharashtra,India,Private,755792.4528301887
Chhatrapati Shahu Ji Maharaj University,Co-Ed,264 Acres,5319,124,1966,,,"BT_ChemE, BT_ChemE, BT_CSE, BT_CSE, BT_ECE, BT_ECE, BT_ME, BT_ME","Boys Hostel, Girls Hostel, Library, Sports, Cafeteria, Auditorium, Medical/Hospital, IT Infrastructure, Alumni Associations, Parking Facility, Guest Room, Banks Facilities",Kanpur,Uttar Pradesh,India,Public/Government,99376.66666666667
Madan Mohan Malaviya University of Technology,Co-Ed,339 Acres,3065,41,2013,,,"BT_CE, BT_CSE, BT_EE, BT_ECE, BT_ChemE, BT_ME","Boys Hostel, Girls Hostel, Gym, Library, Sports, Cafeteria, Auditorium, Medical/Hospital, Wifi, IT Infrastructure, Transport, Laboratories, Convenience Store, Alumni Associations, Guest Room, Banks Facilities",Gorakhpur,Uttar Pradesh,India,Public/Government,393741.93548387097
Deen Bandhu Chhotu Ram University of Science and Technology,Co-Ed,273 Acres,3782,174,2006,3.02,,"BT_ME, BT_ME, BT_ECE, BT_ME, BT_ChemE, BT_CE, BT_CE, BT_CE, BT_CE, BT_CE, BT_CE, BT_CE, BT_CSE, BT_CSE, BT_CSE, BT_CSE, BT_CSE, BT_CSE, BT_CSE, BT_CSE, BT_EE, BT_EE, BT_EE, BT_ECE, BT_ECE, BT_ECE, BT_ECE, BT_ECE, BT_ME, BT_ME, BT_ME, BT_ME, BT_ME, BT_ME, BT_CSE, BT_ECE, BT_CE, BT_CE, BT_CE, BT_CSE, BT_EE, BT_EE, BT_EE, BT_EE, BT_ECE, BT_ECE, BT_ECE, BT_ME, BT_ME, MT_ChemE, BT_CSE, BT_ECE, BT_ECE, BT_ME","Boys Hostel, Girls Hostel, Gym, Library, Sports, Cafeteria, Auditorium, Medical/Hospital, Wifi, IT Infrastructure, Laboratories, Convenience Store, Alumni Associations, Parking Facility, Guest Room, Banks Facilities",Sonepat,Haryana,India,Public/Government,180218.40277777778
Shivaji University,Co-Ed,853 Acres,23820,179,1962,3.16,,"BT_CSE, BT_ME, BT_CE, BT_CSE, BT_ME, BT_ME, BT_ME, BT_ME, BT_ME, BT_ME, BT_CSE, BT_CE, BT_CE, BT_CE, BT_CE, BT_CE, BT_CE, BT_CE, BT_CE, BT_CE, BT_CE, BT_CE, BT_CSE, BT_CSE, BT_EE, BT_EE, BT_EE, BT_EE, BT_EE, BT_EE, BT_EE, BT_ECE, BT_ME, BT_ME, BT_ME, BT_ME","Boys Hostel, Girls Hostel, Library, Sports, Cafeteria, Auditorium, Medical/Hospital, Wifi, IT Infrastructure, Laboratories, Alumni Associations, Guest Room",Kolhapur,Maharashtra,India,Public/Government,231342.18309859154
Gayatri Vidya Parishad College of Engineering,Co-Ed,20 Acres,5469,273,1996,3.47,"Jawaharlal Nehru Technological University, Kakinada","BT_CSE, BT_ECE, BT_ME, BT_CE, BT_ChemE, MT_ChemE","Boys Hostel, Girls Hostel, Gym, Library, Sports, Cafeteria, Auditorium, Medical/Hospital, IT Infrastructure, Transport, Laboratories, Alumni Associations, Banks Facilities",Visakhapatnam,Andhra Pradesh,India,Private,239380.95238095237
National Institute of Technology Arunachal Pradesh ,Co-Ed,,698,63,2010,2.34,,"BT_CE, BT_CSE, BT_ECE, BT_EE, BT_ME, BT_ChemE","Boys Hostel, Girls Hostel, Gym, Library, Sports, Cafeteria, Auditorium, Medical/Hospital, Wifi, IT Infrastructure, Classrooms, Transport, Laboratories, Alumni Associations",Papum Pare,Arunachal Pradesh,India,Public/Government,325950.0
Manipal University,Co-Ed,122 Acres,7606,547,2011,,,"BT_CSE, BT_ECE, BT_ME, BT_CE, BT_ChemE, BT_EE","Boys Hostel, Girls Hostel, Gym, Library, Sports, Cafeteria, Auditorium, Medical/Hospital, Wifi, IT Infrastructure, Moot Court, Laboratories, Alumni Associations, Guest Room",Jaipur,Rajasthan,India,Private,523740.74074074073
Jawaharlal Nehru Technological University,Co-Ed,89 Acres,730,276,1972,3.01,,"BT_CSE, BT_ECE, BT_CSE, BT_CSE, BT_CSE, BT_CSE, BT_ECE, BT_ECE, BT_ME, BT_CE, BT_CE, BT_CSE, BT_CSE, BT_CSE, BT_CSE, BT_CSE, BT_CSE, BT_CSE, BT_CSE, BT_CSE, BT_CSE, BT_CSE, BT_CSE, BT_CSE, BT_CSE, BT_CSE, BT_CSE, BT_CSE, BT_CSE, BT_CSE, BT_CSE, BT_CSE, BT_CSE, BT_CSE, BT_CSE, BT_CSE, BT_CSE, BT_CSE, BT_ECE, BT_ECE, BT_ECE, BT_ECE, BT_ECE, BT_ECE, BT_ECE, BT_ECE, BT_ECE, BT_ECE, BT_ECE, BT_ECE, BT_ECE, BT_ECE, BT_ECE, BT_ECE, BT_ECE, BT_ECE, BT_ECE, BT_ECE, BT_ECE, BT_ECE, BT_ECE, BT_ECE, BT_ECE, BT_ECE, BT_ECE, BT_ECE, BT_ECE, BT_ECE, BT_ECE, BT_ECE, BT_ME, BT_ME, BT_ME, BT_ME, BT_ME, BT_ME, BT_CE, BT_CE, BT_CE, BT_CE, BT_CE, BT_CE, BT_CE, BT_CSE, BT_CSE, BT_CSE, BT_CSE, BT_CSE, BT_CSE, BT_CSE, BT_CSE, BT_CSE, BT_CSE, BT_CSE, BT_CSE, BT_CSE, BT_CSE, BT_CSE, BT_CSE, BT_CSE, BT_CSE, BT_CSE, BT_CSE, BT_CSE, BT_CSE, BT_CSE, BT_CSE, BT_CSE, BT_ECE, BT_ECE, BT_ECE, BT_ECE, BT_ECE, BT_ECE, BT_ECE, BT_ECE, BT_ECE, BT_ECE, BT_ECE, BT_ECE, BT_ECE, BT_ECE, BT_ECE, BT_ECE, BT_ECE, BT_ECE, BT_ECE, BT_ECE, BT_ECE, BT_ECE, BT_ECE, BT_ECE, BT_ECE, BT_ECE, BT_ECE, BT_ECE, BT_ECE, BT_ECE, BT_ECE, BT_ECE, BT_ECE, BT_ECE, BT_ECE, BT_ME, BT_ME, BT_ME, BT_ME, BT_ME, BT_ME, BT_ME, BT_ME, BT_ME, BT_ME, BT_ME, BT_ME, BT_CE, BT_CE, BT_CE, BT_CE, BT_CE, BT_CE, BT_CE, BT_CE, BT_CE, BT_CE, BT_CE, BT_CE, BT_CE, BT_CE, BT_CE, BT_CE, BT_CE, BT_CE, BT_CE, BT_CE, BT_CE, BT_CE, BT_CE, BT_CE, BT_CE, BT_CE, BT_CE, BT_CE, BT_CE, BT_CE, BT_CE","Boys Hostel, Girls Hostel, Gym, Library, Sports, Cafeteria, Auditorium, Medical/Hospital, Wifi, IT Infrastructure, Alumni Associations, Guest Room, Banks Facilities",Hyderabad,Telangana,India,Public/Government,219825.08833922262
Rajasthan Technical University,Co-Ed,,2621,105,2006,,,"BT_ME, BT_CSE, BT_CSE, BT_EE, BT_ECE, BT_ME, BT_CE, BT_CSE, BT_CSE, BT_CSE, BT_CSE, BT_EE, BT_EE, BT_EE, BT_ECE, BT_ECE, BT_ME, BT_ME, BT_CSE, BT_EE, BT_ECE, BT_CE, BT_CE, BT_CE, BT_CE, BT_CE, BT_CE, BT_CE, BT_CE, BT_CE, BT_CE, BT_CE, BT_CE, BT_CE, BT_CE, BT_CE, BT_CE, BT_CE, BT_CE, BT_CE, BT_CE, BT_CE, BT_CE, BT_CE, BT_CE, BT_CE, BT_CE, BT_CE, BT_CE, BT_CSE, BT_CSE, BT_CSE, BT_CSE, BT_CSE, BT_CSE, BT_CSE, BT_CSE, BT_CSE, BT_EE, BT_EE, BT_EE, BT_EE, BT_EE, BT_EE, BT_EE, BT_EE, BT_EE, BT_EE, BT_EE, BT_EE, BT_EE, BT_EE, BT_EE, BT_EE, BT_EE, BT_EE, BT_EE, BT_EE, BT_EE, BT_EE, BT_EE, BT_EE, BT_ECE, BT_ECE, BT_ECE, BT_ECE, BT_ECE, BT_ECE, BT_ECE, BT_ECE, BT_ECE, BT_ECE, BT_ECE, BT_ME, BT_ME, BT_ME, BT_ME, BT_ME, BT_ME, BT_ME, BT_ME, BT_ME, BT_ME, BT_ME, BT_ME, BT_ME, BT_ME, BT_ME, BT_ME, BT_ME, BT_ME, BT_ME, BT_ME, BT_ME, BT_ME, BT_ME, BT_ME, BT_ME, BT_ME, BT_ME, BT_ME, BT_CE, BT_CE, BT_CE, BT_CE, BT_CSE, BT_CSE, BT_CSE, BT_CSE, BT_CSE, BT_CSE, BT_EE, BT_EE, BT_EE, BT_EE, BT_EE, BT_EE, BT_EE, BT_ECE, BT_ECE, BT_ME, BT_ME, BT_ME, BT_ME, BT_ME, BT_ME, BT_ME, BT_CSE, BT_CE, BT_EE, BT_ME, BT_ECE, BT_ChemE, BT_ChemE, BT_CE, BT_CE, BT_CE, BT_CE, BT_CE, BT_CE, BT_CE, BT_CE, BT_CE, BT_CE, BT_CE, BT_CE, BT_CE, BT_CE, BT_CE, BT_CE, BT_CE, BT_CE, BT_CE, BT_CE, BT_CE, BT_CE, BT_CE, BT_CE, BT_CE, BT_CE, BT_CE, BT_CE, BT_CE, BT_CE, BT_CE, BT_CE, BT_CE, BT_CE, BT_CE, BT_CE, BT_CE, BT_CE, BT_CE, BT_CE, BT_CE, BT_CE, BT_CE","Boys Hostel, Girls Hostel, Gym, Library, Sports, Cafeteria, Auditorium, Medical/Hospital, IT Infrastructure, Classrooms, Alumni Associations, Banks Facilities",Kota,Rajasthan,India,Public/Government,262906.6666666667
Guru Jambheshwar University of Science and Technology,Co-Ed,372 Acres,12899,200,1995,3.28,,"BT_CSE, BT_CE, BT_CSE, BT_CSE, BT_ECE, BT_ECE, BT_ME, BT_CE, BT_CE, BT_CE, BT_CSE, BT_EE, BT_EE, BT_EE, BT_ECE, BT_ECE, BT_ME, BT_ME, BT_ME, BT_CE, BT_ME, BT_ECE, BT_CSE, BT_CE, BT_CSE, BT_EE, BT_ECE, BT_ME","Boys Hostel, Girls Hostel, Gym, Library, Sports, Cafeteria, Auditorium, Medical/Hospital, IT Infrastructure, Convenience Store, Alumni Associations, Banks Facilities",Hisar,Haryana,India,Public/Government,122069.60784313726
MBM Engineering College,Co-Ed,62 Acres,,79,1951,,"Jai Narain Vyas University, Jodhpur","BT_CE, BT_ME, BT_ECE, BT_EE, BT_CSE, BT_ChemE","Boys Hostel, Girls Hostel, Library, Sports, Auditorium, Medical/Hospital, IT Infrastructure, Laboratories, Alumni Associations, Guest Room",Jodhpur,Rajasthan,India,Public/Government,106447.36842105263
Guru Ghasidas Vishwavidyalaya,Co-Ed,655 Acres,7070,232,1983,2.72,,"BT_ChemE, BT_CSE, BT_ECE, BT_ME, BT_CE, MT_ChemE","Boys Hostel, Girls Hostel, Library, Sports, Cafeteria, Auditorium, Medical/Hospital, IT Infrastructure, Transport, Convenience Store, Alumni Associations, Guest Room, Banks Facilities",Bilaspur,Chhattisgarh,India,Public/Government,37003.37837837838
Jawaharlal Nehru Technological University,Co-Ed,110 Acres,3001,140,1946,,,"BT_ME, BT_CSE, BT_CSE, BT_CSE, BT_CSE, BT_CSE, BT_CSE, BT_ECE, BT_ECE, BT_ECE, BT_ECE, BT_ECE, BT_ECE, BT_ECE, BT_ECE, BT_ECE, BT_ECE, BT_ECE, BT_ECE, BT_ECE, BT_ECE, BT_ECE, BT_ME, BT_ME, BT_ME, BT_ME, BT_ME, BT_ME, BT_CE, BT_CE, BT_CE, BT_CE, BT_CE, BT_CE, BT_CE, BT_CSE, BT_CSE, BT_CSE, BT_CSE, BT_CSE, BT_CSE, BT_CSE, BT_CSE, BT_CSE, BT_CSE, BT_CSE, BT_CSE, BT_CSE, BT_CSE, BT_CSE, BT_CSE, BT_CSE, BT_CSE, BT_CSE, BT_CSE, BT_CSE, BT_CSE, BT_CSE, BT_CSE, BT_CSE, BT_CSE, BT_CSE, BT_CSE, BT_ECE, BT_ECE, BT_ECE, BT_ECE, BT_ECE, BT_ECE, BT_ECE, BT_ECE, BT_ECE, BT_ECE, BT_ECE, BT_ECE, BT_ECE, BT_ECE, BT_ECE, BT_ECE, BT_ECE, BT_ECE, BT_ECE, BT_ECE, BT_ECE, BT_ECE, BT_ECE, BT_ECE, BT_ECE, BT_ECE, BT_ECE, BT_ECE, BT_ECE, BT_ECE, BT_ECE, BT_ECE, BT_ECE, BT_ECE, BT_ECE, BT_ECE, BT_ECE, BT_ECE, BT_ECE, BT_ECE, BT_ECE, BT_ECE, BT_ME, BT_ME, BT_ME, BT_ME, BT_ME, BT_ME, BT_ME, BT_ME, BT_ME, BT_ME, BT_ME, BT_ME, BT_ME, BT_ME, BT_ME, BT_ME, BT_ME, BT_ME, BT_ME, BT_ME, BT_ME, BT_CE, BT_CE, BT_CE, BT_CE, BT_CE, BT_CE, BT_CE, BT_CE, BT_CE, BT_CE, BT_CE, BT_CE, BT_CE, BT_CE, BT_CE, BT_CE, BT_CE, BT_CE, BT_CE, BT_CE, BT_CE, BT_CE, BT_CE, BT_CE, BT_CE, BT_CE, BT_CE, BT_CE, BT_CE, BT_CE, BT_CE, BT_CE, BT_CE, BT_CE, BT_CE, BT_CE, BT_CE, BT_CSE, BT_CSE, BT_CSE, BT_CSE, BT_CSE, BT_CSE, BT_CSE, BT_CSE, BT_CSE, BT_CSE, BT_CSE, BT_CSE, BT_CSE, BT_CSE, BT_CSE, BT_CSE, BT_CSE, BT_CSE, BT_CSE, BT_CSE, BT_CSE, BT_CSE, BT_CSE, BT_CSE, BT_CSE, BT_CSE, BT_CSE, BT_CSE, BT_CSE, BT_CSE, BT_CSE, BT_CSE, BT_CSE, BT_CSE, BT_CSE, BT_CSE, BT_CSE, BT_CSE, BT_CSE, BT_CSE, BT_CSE, BT_CSE, BT_CSE, BT_CSE, BT_CSE, BT_CSE, BT_CSE, BT_CSE, BT_CSE, BT_CSE, BT_CSE, BT_CSE, BT_CSE, BT_CSE, BT_CSE, BT_CSE, BT_CSE, BT_CSE, BT_CSE, BT_CSE, BT_CSE, BT_CSE, BT_CSE, BT_CSE, BT_CSE, BT_CSE, BT_CSE, BT_CSE, BT_CSE, BT_CSE, BT_CSE, BT_CSE","Boys Hostel, Girls Hostel, Library, Sports, Cafeteria, Auditorium, Medical/Hospital, IT Infrastructure, Transport, Laboratories, Alumni Associations",Kakinada,Andhra Pradesh,India,Public/Government,213617.80821917808
Jaipur National University,Co-Ed,170 Acres,19329,522,2007,2.28,,"BT_CE, BT_ME, BT_CSE, BT_EE, BT_ECE, BT_ChemE","Boys Hostel, Girls Hostel, Gym, Library, Sports, Cafeteria, Auditorium, Medical/Hospital, Wifi, IT Infrastructure, Transport, Laboratories, Alumni Associations, Banks Facilities",Jaipur,Rajasthan,India,Private,242929.6875
Dr MGR Educational and Research Institute,Co-Ed,300 Acres,12424,1566,2003,3.31,,"BT_ME, BT_CSE, BT_CE, BT_ECE, BT_ChemE, MT_ChemE","Boys Hostel, Girls Hostel, Gym, Library, Sports, Auditorium, Medical/Hospital, Wifi, IT Infrastructure, Classrooms, Transport, Laboratories, Alumni Associations",Chennai,Tamil Nadu,India,Public/Government,253453.54430379748
JNTUA College of Engineering,Co-Ed,185 Acres,2450,57,1946,,"Jawaharlal Nehru Technological University, Anantapur","BT_ChemE, BT_CE, BT_CSE, BT_ECE, BT_ME, MT_ChemE","Boys Hostel, Girls Hostel, Gym, Library, Sports, Cafeteria, Auditorium, Medical/Hospital, IT Infrastructure, Laboratories, Convenience Store, Alumni Associations, Banks Facilities",Anantapur,Andhra Pradesh,India,Public/Government,56464.28571428572
Pondicherry University,Co-Ed,800 Acres,15904,380,1985,3.1,,"BT_ECE, BT_ME, BT_CSE, BT_ECE, BT_ECE, BT_ME, BT_ME, BT_ME, BT_ME, BT_CE, BT_CE, BT_CE, BT_CE, BT_CSE, BT_CSE, BT_CSE, BT_CSE, BT_CSE, BT_CSE, BT_CSE, BT_ECE, BT_ECE, BT_ECE, BT_ECE, BT_ECE, BT_ME, BT_ME, BT_ME, BT_ME, BT_ME, BT_ChemE, BT_CE, BT_CE, BT_CE, BT_CE, BT_CE, BT_CSE, BT_CSE, BT_CSE, BT_CSE, BT_CSE, BT_CSE, BT_CSE, BT_ECE, BT_ECE, BT_ECE, BT_ECE, BT_ECE, BT_ECE, BT_ECE, BT_ME, BT_ME, BT_ME, BT_ME, BT_ME, BT_ME, BT_ME, BT_CSE, BT_ECE, BT_CE, BT_CSE, BT_CSE, BT_CSE, BT_ECE, BT_ECE, BT_ECE","Boys Hostel, Girls Hostel, Gym, Library, Sports, Cafeteria, Auditorium, Medical/Hospital, Wifi, IT Infrastructure, Transport, Laboratories, Convenience Store, Alumni Associations, Parking Facility, Guest Room, Banks Facilities",Kalapet,Puducherry,India,Public/Government,121542.19047619047
NIMS University,Co-Ed,60 Acres,4273,550,2008,2.54,,"BT_ChemE, BT_CE, BT_CSE, BT_EE, BT_ECE, BT_ME","Boys Hostel, Girls Hostel, Gym, Library, Sports, Cafeteria, Auditorium, Medical/Hospital, Wifi, IT Infrastructure, Transport, Banks Facilities",Jaipur,Rajasthan,India,Private,561898.1481481482
Punjabi University,Co-Ed,600 Acres,26549,806,1962,3.34,,"BT_CSE, BT_ME, BT_CSE, BT_ECE, BT_ME, BT_CSE, BT_ECE","Boys Hostel, Girls Hostel, Gym, Library, Sports, Cafeteria, Auditorium, Medical/Hospital, Wifi, IT Infrastructure, Moot Court, Laboratories, Alumni Associations, Guest Room",Patiala,Punjab,India,Public/Government,137022.66666666666
Acharya Nagarjuna University,Co-Ed,274 Acres,17060,125,1976,3.08,,"BT_CE, BT_CE, BT_CSE, BT_CSE, BT_ECE, BT_ECE, BT_ECE, BT_ME, BT_ME, BT_CE, BT_CSE, BT_ECE, BT_ChemE, BT_CE, BT_CSE, BT_ECE, BT_ME, BT_ME","Boys Hostel, Girls Hostel, Gym, Library, Sports, Cafeteria, Auditorium, Medical/Hospital, Wifi, IT Infrastructure, Transport, Laboratories, Convenience Store, Alumni Associations, Banks Facilities",Guntur,Andhra Pradesh,India,Public/Government,146143.738317757
Rajiv Gandhi Proudyogiki Vishwavidyalaya,Co-Ed,247 Acres,,18,1998,,,"BT_CSE, BT_CSE, BT_CSE, BT_CSE, BT_CSE, BT_ME, BT_ME, BT_CE, BT_CE, BT_CE, BT_CE, BT_CE, BT_CE, BT_CE, BT_CSE, BT_CSE, BT_CSE, BT_CSE, BT_CSE, BT_CSE, BT_CSE, BT_CSE, BT_CSE, BT_CSE, BT_CSE, BT_ECE, BT_ECE, BT_ECE, BT_ECE, BT_ME, BT_ME, BT_ME, BT_ME, BT_ME, BT_ME, BT_ME, BT_ME, BT_ME, BT_ME, BT_ME, BT_ME, BT_ME, BT_ME, BT_ME, BT_ME, BT_ME, BT_ME, BT_ME","Boys Hostel, Girls Hostel, Library, Sports, Cafeteria, IT Infrastructure, Laboratories, Guest Room",Bhopal,Madhya Pradesh,India,Public/Government,251148.0
Gujarat Technological University,Co-Ed,,199,25,2007,,,"BT_ME, BT_CE, BT_CE, BT_EE, BT_ME, BT_ME, BT_ME, BT_ME, BT_ME, BT_CE, BT_CE, BT_CE, BT_CE, BT_CE, BT_CE, BT_CE, BT_CE, BT_CE, BT_CE, BT_CE, BT_CE, BT_CSE, BT_EE, BT_EE, BT_EE, BT_ECE, BT_ECE, BT_ME, BT_ME, BT_ME, BT_ME, BT_ME, BT_ME, BT_ME, BT_ME, BT_ME, BT_ME, BT_ME, BT_ME","Boys Hostel, Library, Sports, Cafeteria, Auditorium, Wifi, IT Infrastructure, Laboratories, Alumni Associations",Ahmedabad,Gujarat,India,Public/Government,170923.06896551725
Maharshi Dayanand University,Co-Ed,665 Acres,65782,396,1976,3.44,,"BT_CSE, BT_ME, BT_CSE, BT_CE, BT_CE, BT_CE, BT_CE, BT_CSE, BT_CSE, BT_CSE, BT_CSE, BT_CSE, BT_CSE, BT_ECE, BT_ECE, BT_ECE, BT_ME, BT_ME, BT_ME, BT_ME, BT_ME, BT_ME, BT_ME, BT_ME, BT_ME, BT_ME, BT_ME, BT_ME, BT_CE, BT_CE, BT_CSE, BT_ECE, BT_ME, BT_ME, BT_ME, BT_ME, BT_ME, BT_ME, BT_ME, BT_ME","Boys Hostel, Girls Hostel, Gym, Library, Sports, Cafeteria, Auditorium, Medical/Hospital, Wifi, IT Infrastructure, Laboratories, Swimming Pool, Alumni Associations, Banks Facilities",Rohtak,Haryana,India,Public/Government,128565.92356687898
Himachal Pradesh University,Co-Ed,200 Acres,11785,236,1970,3.21,,"BT_CE, BT_CE, BT_CE, BT_CSE, BT_EE, BT_ECE, BT_ME, BT_CSE, BT_EE, BT_ECE, BT_ME","Boys Hostel, Girls Hostel, Library, Sports, Cafeteria, Auditorium, Medical/Hospital, Wifi, IT Infrastructure, Alumni Associations",Shimla,Himachal Pradesh,India,Public/Government,136316.79104477612
Dibrugarh University,Co-Ed,500 Acres,13494,209,1965,3.16,,"BT_CSE, BT_CSE, BT_ECE, BT_ECE, BT_ME, BT_ME","Boys Hostel, Girls Hostel, Gym, Library, Sports, Cafeteria, Auditorium, IT Infrastructure, Laboratories, Alumni Associations, Guest Room",Dibrugarh,Assam,India,Public/Government,57395.11811023622
Dr Babasaheb Ambedkar Technological University,Co-Ed,525 Acres,2639,54,1989,,,"BT_ME, BT_ME, BT_CE, BT_CSE, BT_CSE, BT_ME, BT_ME, BT_ME, BT_ME, BT_ME, BT_ME, BT_ME, BT_ME, BT_ME, BT_CE, BT_CE, BT_CE, BT_CE, BT_CE, BT_CE, BT_CE, BT_CE, BT_CE, BT_CE, BT_CE, BT_CE, BT_CE, BT_CE, BT_CE, BT_CE, BT_CE, BT_CSE, BT_CSE, BT_CSE, BT_CSE, BT_CSE, BT_CSE, BT_CSE, BT_CSE, BT_CSE, BT_CSE, BT_CSE, BT_EE, BT_EE, BT_EE, BT_EE, BT_EE, BT_EE, BT_EE, BT_EE, BT_EE, BT_ECE, BT_ME, BT_ME, BT_ME, BT_ME, BT_ME, BT_ME, BT_ME, BT_ME, BT_ME, BT_ME, BT_ME","Boys Hostel, Girls Hostel, Gym, Library, Sports, Cafeteria, Auditorium, Medical/Hospital, IT Infrastructure, Laboratories, Alumni Associations",Lonere,Maharashtra,India,Public/Government,279052.1327014218
Gautam Buddha University,Co-Ed,511 Acres,3658,137,2002,,,"BT_CE, BT_CE, BT_CSE, BT_CSE, BT_EE, BT_ECE, BT_ME, BT_ME, MT_CS","Boys Hostel, Girls Hostel, Gym, Library, Sports, Cafeteria, Auditorium, Medical/Hospital, Wifi, IT Infrastructure, Classrooms, Laboratories, Swimming Pool, Convenience Store, Alumni Associations, Guest Room, Banks Facilities",Greater Noida,Uttar Pradesh,India,Public/Government,237873.4939759036
Kakatiya University,Co-Ed,640 Acres,5261,157,1976,,,"BT_CSE, BT_ECE, BT_ME, BT_CE, BT_ECE, BT_ECE, BT_CE, BT_CE, BT_CE, BT_CE, BT_CSE, BT_CSE, BT_CSE, BT_CSE, BT_CSE, BT_ECE, BT_ECE, BT_ECE, BT_ECE, BT_ECE, BT_ECE, BT_ME, BT_ME, BT_ME, BT_ME, BT_ME, BT_CSE, BT_CSE","Boys Hostel, Girls Hostel, Gym, Library, Sports, Cafeteria, Auditorium, Medical/Hospital, Wifi, IT Infrastructure, Transport, Laboratories, Convenience Store, Alumni Associations, Guest Room, Banks Facilities",Hanamkonda,Telangana,India,Public/Government,116186.9
Visvesvaraya Technological University,Co-Ed,,134,479,1998,,,"BT_CSE, BT_CSE, BT_CSE, BT_ECE, BT_ECE, BT_ECE, BT_ME, BT_ME, BT_CE, BT_CE, BT_CE, BT_CE, BT_CE, BT_CE, BT_CSE, BT_CSE, BT_CSE, BT_CSE, BT_CSE, BT_CSE, BT_ECE, BT_ECE, BT_ECE, BT_ECE, BT_ECE, BT_ECE, BT_ECE, BT_ECE, BT_ME, BT_ME, BT_ME, BT_ME, BT_ME, BT_ME, BT_ME, BT_ME, BT_ME, BT_ME, BT_ME","Boys Hostel, Girls Hostel, Gym, Library, Sports, Cafeteria, Auditorium, Medical/Hospital, IT Infrastructure, Laboratories, Alumni Associations",Belgaum,Karnataka,India,Public/Government,365277.42424242425
University of Calicut,Co-Ed,547 Acres,148878,131,1968,3.13,,"BT_CSE, BT_ECE, BT_ME, BT_CE, BT_ECE, BT_ME","Boys Hostel, Girls Hostel, Gym, Library, Sports, Cafeteria, Auditorium, Medical/Hospital, Wifi, IT Infrastructure, Transport, Laboratories, Swimming Pool, Convenience Store, Alumni Associations, Guest Room, Banks Facilities",Malappuram,Kerala,India,Public/Government,104846.17391304347
IK Gujral Punjab Technical University,Co-Ed,78 Acres,1505,77,1997,,,"BT_CSE, BT_CSE, BT_ECE, BT_ECE, BT_CSE, BT_ME, BT_ME, BT_CE, BT_CE, BT_CE, BT_CE, BT_CSE, BT_CSE, BT_ME, BT_ME, BT_ME, BT_ME, BT_ME, BT_CE, BT_CE, BT_CE, BT_CE, BT_CE, BT_CE, BT_CE, BT_CE, BT_CE, BT_CSE, BT_CSE, BT_CSE, BT_CSE, BT_CSE, BT_CSE, BT_CSE, BT_CSE, BT_CSE, BT_CSE, BT_CSE, BT_CSE, BT_CSE, BT_CSE, BT_CSE, BT_EE, BT_ECE, BT_ECE, BT_ECE, BT_ECE, BT_ECE, BT_ECE, BT_ECE, BT_ME, BT_ME, BT_ME, BT_ME, BT_ME, BT_ME, BT_ME, BT_ME, BT_ME, BT_ME, BT_ME, BT_ME, BT_ME, BT_ME, BT_ME, BT_ME, BT_ME, BT_ME, BT_ME, BT_ME, BT_CE, BT_CE, BT_CE, BT_CE, BT_CSE, BT_CSE, BT_CSE, BT_CSE, BT_CSE, BT_CSE, BT_CSE, BT_CSE, BT_CSE, BT_CSE, BT_CSE, BT_CSE, BT_CSE, BT_CSE, BT_CSE, BT_EE, BT_ECE, BT_ECE, BT_ECE, BT_ECE, BT_ECE, BT_ECE, BT_ECE, BT_ME, BT_ME, BT_ME, BT_ME, BT_ME, BT_ME, BT_ME, BT_ME, BT_ME, BT_CE","Boys Hostel, Girls Hostel, Library, Sports, Auditorium, IT Infrastructure, Transport, Alumni Associations",Kapurthala,Punjab,India,Public/Government,274623.4554973822
Dr Babasaheb Ambedkar Marathwada University,Co-Ed,725 Acres,4495,211,1958,3.22,,"BT_ME, BT_ME, BT_CE, BT_CE, BT_CSE, BT_CSE, BT_EE, BT_ME, BT_ME","Boys Hostel, Girls Hostel, Gym, Library, Sports, Cafeteria, Auditorium, Medical/Hospital, Wifi, IT Infrastructure, Laboratories, Alumni Associations",Aurangabad,Maharashtra,India,Public/Government,127575.81081081081
Babu Banarasi Das National Institute of Technology and Management,Co-Ed,,,221,1998,,"Dr APJ Abdul Kalam Technical University, Lucknow","BT_CE, BT_CSE, BT_EE, BT_ME, BT_ECE, BT_ChemE","Boys Hostel, Girls Hostel, Gym, Library, Sports, Cafeteria, Auditorium, Medical/Hospital, Wifi, IT Infrastructure, Transport, Laboratories, Convenience Store, Banks Facilities",Lucknow,Uttar Pradesh,India,Private,422214.28571428574
University of Kerala,Co-Ed,,19718,172,1937,3.03,,"BT_CE, BT_ME, BT_ME, BT_ME, BT_CSE, BT_ECE, BT_CE, BT_CE, BT_CE, BT_CSE, BT_CSE, BT_CSE, BT_ECE, BT_ECE, BT_ECE, BT_ECE, BT_ME","Boys Hostel, Girls Hostel, Library, Sports, Cafeteria, Auditorium, Medical/Hospital, Wifi, IT Infrastructure, Transport, Laboratories, Alumni Associations, Guest Room, Banks Facilities",Thiruvananthapuram,Kerala,India,Public/Government,80572.79220779221
Gauhati University,Co-Ed,650 Acres,20275,349,1948,3.04,,"BT_CE, BT_CSE, BT_ECE, BT_ECE, BT_ECE, BT_ME","Boys Hostel, Girls Hostel, Gym, Library, Sports, Cafeteria, Auditorium, Medical/Hospital, Wifi, IT Infrastructure, Transport, Laboratories, Alumni Associations",Guwahati,Assam,India,Public/Government,70953.54430379746
Bipin Tripathi Kumaon Institute of Technology,Co-Ed,155 Acres,1399,35,1991,,"Uttarakhand Technical University, Dehradun","BT_ECE, BT_ChemE, BT_CE, BT_CSE, BT_EE, BT_ME","Boys Hostel, Girls Hostel, Library, Cafeteria, Medical/Hospital, Wifi, Guest Room, Banks Facilities",Hulank Talli Mirai,Uttarakhand,India,Public/Government,242363.63636363635
Calcutta Institute of Technology,Co-Ed,33 Acres,476,91,2004,,"Maulana Abul Kalam Azad University of Technology, Kolkata","BT_ChemE, BT_CE, BT_CSE, BT_EE, BT_ME, BT_ECE, MT_ChemE","Boys Hostel, Girls Hostel, Library, Sports, Cafeteria, Auditorium, Medical/Hospital, Wifi, IT Infrastructure, Transport, Laboratories, Guest Room, Banks Facilities",Howrah,West Bengal,India,Private,236600.0
Ranchi University,Co-Ed,,7297,141,1960,,,"BT_CE, BT_ME, BT_ME, BT_CE, BT_CE, BT_CSE, BT_ECE, BT_ME, BT_CSE, BT_ECE, BT_ECE","Boys Hostel, Girls Hostel, Gym, Library, Sports, Medical/Hospital, IT Infrastructure, Laboratories, Parking Facility",Ranchi,Jharkhand,India,Public/Government,99484.17721518988
Shaheed Bhagat Singh State Technical Campus,Co-Ed,98 Acres,1274,67,1995,,"IK Gujral Punjab Technical University, Jalandhar","BT_CSE, BT_ME, BT_CE, BT_EE, BT_ECE, BT_ChemE","Boys Hostel, Girls Hostel, Gym, Library, Sports, Cafeteria, Medical/Hospital, IT Infrastructure, Laboratories, Convenience Store, Alumni Associations, Guest Room, Banks Facilities",Firozpur,Punjab,India,Public/Government,265789.4736842105
Meerut Institute of Engineering and Technology,Co-Ed,,4160,396,1997,2.76,"Dr APJ Abdul Kalam Technical University, Lucknow","BT_CSE, BT_ECE, BT_ME, BT_CE, BT_EE, BT_ChemE","Boys Hostel, Girls Hostel, Gym, Library, Sports, Cafeteria, Auditorium, Medical/Hospital, Wifi, IT Infrastructure, Transport, Laboratories, Convenience Store, Guest Room, Banks Facilities",Rampur Pawti,Uttar Pradesh,India,Private,350900.0
Swami Keshvanand Institute of Technology,Co-Ed,13 Acres,4131,256,2000,,"Rajasthan Technical University, Kota","BT_CSE, BT_ME, BT_EE, BT_ECE, BT_CE, MT_CS","Boys Hostel, Girls Hostel, Gym, Library, Sports, Cafeteria, Auditorium, Medical/Hospital, Wifi, IT Infrastructure, Classrooms, Transport, Laboratories, Convenience Store, Alumni Associations, Guest Room, Banks Facilities",Jaipur,Rajasthan,India,Private,245357.14285714287
Uttarakhand Technical University,Co-Ed,21 Acres,917,23,2005,,,"BT_CE, BT_CE, BT_CE, BT_CE, BT_CSE, BT_CSE, BT_CSE, BT_CSE, BT_CSE, BT_CSE, BT_ECE, BT_ECE, BT_ME, BT_ME, BT_ME, BT_ME, BT_ME, BT_ME, BT_ME, BT_CE, BT_ME, BT_ChemE, BT_ChemE, BT_CE, BT_CE, BT_CE, BT_CE, BT_CE, BT_CE, BT_CE, BT_CE, BT_CE, BT_CE, BT_CE, BT_CE, BT_CE, BT_CE, BT_CE, BT_CE, BT_CE, BT_CE, BT_CE, BT_CSE, BT_CSE, BT_CSE, BT_CSE, BT_CSE, BT_CSE, BT_CSE, BT_CSE, BT_CSE, BT_CSE, BT_CSE, BT_CSE, BT_CSE, BT_CSE, BT_CSE, BT_CSE, BT_CSE, BT_CSE, BT_EE, BT_EE, BT_EE, BT_EE, BT_EE, BT_EE, BT_EE, BT_EE, BT_EE, BT_EE, BT_EE, BT_ECE, BT_ECE, BT_ECE, BT_ECE, BT_ECE, BT_ECE, BT_ECE, BT_ECE, BT_ECE, BT_ECE, BT_ECE, BT_ECE, BT_ECE, BT_ECE, BT_ECE, BT_ECE, BT_ME, BT_ME, BT_ME, BT_ME, BT_ME, BT_ME, BT_ME, BT_ME, BT_ME, BT_ME, BT_ME, BT_ME, BT_ME, BT_ME, BT_ME, BT_ME, BT_ME, BT_ME, BT_ME","Girls Hostel, Library, Sports, Cafeteria, Auditorium, Medical/Hospital, IT Infrastructure, Classrooms, Transport, Laboratories, Alumni Associations, Banks Facilities",Dehradun,Uttarakhand,India,Public/Government,313690.1826484018
Centurion University of Technology and Management,Co-Ed,120 Acres,2460,357,2010,3.1,,"BT_CE, BT_CE, BT_CSE, BT_CSE, BT_EE, BT_ECE, BT_ECE, BT_ME, BT_ME, BT_ChemE, BT_ChemE, BT_ChemE, BT_CE, BT_CE, BT_CSE, BT_CSE, BT_ECE, BT_ECE, BT_ME, BT_ME","Boys Hostel, Girls Hostel, Gym, Library, Sports, Cafeteria, Auditorium, Medical/Hospital, IT Infrastructure, Transport, Convenience Store, Banks Facilities",Gajapati,Odisha,India,Private,331312.5
Jawaharlal Nehru Technological University,Co-Ed,155 Acres,5374,188,2008,,,"BT_ECE, BT_CSE, BT_CSE, BT_ECE, BT_ECE, BT_ECE, BT_ECE, BT_ECE, BT_ECE, BT_ECE, BT_ECE, BT_ECE, BT_ECE, BT_ECE, BT_ECE, BT_ECE, BT_ECE, BT_ME, BT_ME, BT_CE, BT_CE, BT_CE, BT_CE, BT_CE, BT_CSE, BT_CSE, BT_CSE, BT_CSE, BT_CSE, BT_CSE, BT_CSE, BT_CSE, BT_CSE, BT_CSE, BT_CSE, BT_CSE, BT_CSE, BT_CSE, BT_CSE, BT_CSE, BT_ECE, BT_ECE, BT_ECE, BT_ECE, BT_ECE, BT_ECE, BT_ECE, BT_ECE, BT_ECE, BT_ECE, BT_ECE, BT_ECE, BT_ECE, BT_ECE, BT_ECE, BT_ECE, BT_ECE, BT_ECE, BT_ECE, BT_ME, BT_ME, BT_ME, BT_ME, BT_ME, BT_ME, BT_ME, BT_ME, BT_ECE, BT_CE, BT_CE, BT_CE, BT_CE, BT_CE, BT_CE, BT_CE, BT_CE, BT_CE, BT_CE, BT_CE, BT_CE, BT_CE, BT_CE, BT_CE, BT_CE, BT_CE, BT_CE, BT_CE, BT_CE, BT_CE, BT_CE, BT_CE, BT_CE, BT_CE, BT_CE, BT_CE, BT_CE, BT_CE, BT_CE, BT_CE, BT_CE, BT_CE, BT_CSE, BT_CSE, BT_CSE, BT_CSE, BT_CSE, BT_CSE, BT_CSE, BT_CSE, BT_CSE, BT_CSE, BT_CSE, BT_CSE, BT_CSE, BT_CSE, BT_CSE, BT_CSE, BT_CSE, BT_CSE, BT_CSE, BT_CSE, BT_CSE, BT_CSE, BT_CSE, BT_CSE, BT_CSE, BT_CSE, BT_CSE, BT_CSE, BT_CSE, BT_CSE, BT_CSE, BT_CSE, BT_CSE, BT_CSE, BT_CSE, BT_ECE, BT_ECE, BT_ECE, BT_ECE, BT_ECE, BT_ECE, BT_ECE, BT_ECE, BT_ECE, BT_ECE, BT_ECE, BT_ECE, BT_ECE, BT_ECE, BT_ECE, BT_ECE, BT_ECE, BT_ECE, BT_ECE, BT_ECE, BT_ECE, BT_ECE, BT_ECE, BT_ECE, BT_ECE, BT_ECE, BT_ECE, BT_ECE, BT_ECE, BT_ECE, BT_ECE, BT_ECE, BT_ECE, BT_ECE, BT_ECE, BT_ECE, BT_ECE, BT_ECE, BT_ECE, BT_ECE, BT_ECE, BT_ME, BT_ME, BT_ME, BT_ME, BT_ME, BT_ME, BT_ME, BT_ME, BT_ME, BT_ME, BT_ME, BT_ME, BT_ME, BT_ME, BT_ME, BT_ME, BT_ME, BT_ME, BT_ME, BT_ME, BT_ME, BT_ME, BT_ME","Boys Hostel, Girls Hostel, Library, Sports, Cafeteria, Auditorium, Medical/Hospital, IT Infrastructure, Laboratories, Alumni Associations",Anantapur,Andhra Pradesh,India,Public/Government,198575.10040160644
Amity University,Co-Ed,100 Acres,2074,143,2010,,,"BT_CE, BT_CE, BT_CSE, BT_CSE, BT_ECE, BT_ECE, BT_ME","Boys Hostel, Girls Hostel, Gym, Library, Sports, Auditorium, Medical/Hospital, Wifi, IT Infrastructure, Transport, Moot Court, Alumni Associations, Banks Facilities",Gwalior,Madhya Pradesh,India,Private,367992.8057553957
Quantum School of Technology,Co-Ed,,829,197,2008,,"Uttarakhand Technical University, Dehradun","BT_CE, BT_CSE, BT_ME, BT_ChemE, BT_EE, BT_ECE","Boys Hostel, Girls Hostel, Gym, Library, Sports, Cafeteria, Auditorium, Wifi, IT Infrastructure, Transport, Laboratories, Guest Room",Roorkee,Uttarakhand,India,Private,344275.8620689655
Himachal Pradesh Technical University,Co-Ed,,139,,2010,,,"BT_CE, BT_CE, BT_CE, BT_CE, BT_CSE, BT_CSE, BT_ECE, BT_ECE, BT_ME, BT_ME, BT_ME, BT_ME, BT_CE, BT_ME, BT_ECE, BT_CE, BT_CE, BT_CE, BT_CE, BT_CE, BT_CE, BT_CE, BT_CE, BT_CE, BT_CSE, BT_CSE, BT_CSE, BT_CSE, BT_CSE, BT_CSE, BT_CSE, BT_EE, BT_EE, BT_EE, BT_EE, BT_EE, BT_EE, BT_EE, BT_ECE, BT_ECE, BT_ECE, BT_ECE, BT_ECE, BT_ECE, BT_ME, BT_ME, BT_ME, BT_ME, BT_ME, BT_ME, BT_ME, BT_ME, BT_ECE, BT_CE, BT_CSE, BT_CSE, BT_EE, BT_EE, BT_EE, BT_EE, BT_EE, BT_ECE, BT_ECE, BT_ECE, BT_ECE, BT_ME, BT_ME, BT_CE, BT_CE, BT_EE, BT_ECE, BT_ME, BT_ME, MT_CS","Boys Hostel, Girls Hostel, Library, Sports, Auditorium, IT Infrastructure, Laboratories, Alumni Associations",Hamirpur,Himachal Pradesh,India,Public/Government,206830.18867924527
Jai Narain Vyas University,Co-Ed,592 Acres,21314,385,1962,,,"BT_CE, BT_ME, BT_ECE, BT_EE, BT_CSE, BT_ChemE","Boys Hostel, Girls Hostel, Library, Sports, Auditorium, IT Infrastructure, Laboratories",Jodhpur,Rajasthan,India,Public/Government,106006.0
Kavayitri Bahinabai Chaudhari North Maharashtra University,Co-Ed,646 Acres,2624,84,1990,3.05,,"BT_ME, BT_CE, BT_CE, BT_CE, BT_CE, BT_CSE, BT_EE, BT_EE, BT_EE, BT_EE, BT_ME, BT_ME, BT_ME, BT_ME, BT_ME, BT_ChemE, BT_EE, BT_EE","Boys Hostel, Girls Hostel, Gym, Library, Sports, Cafeteria, Auditorium, Medical/Hospital, IT Infrastructure, Laboratories, Convenience Store, Alumni Associations, Parking Facility, Guest Room, Banks Facilities",Jalgaon,Maharashtra,India,Public/Government,154649.72602739726
Chhattisgarh Swami Vivekanand Technical University,Co-Ed,,70,,2005,,,"BT_CE, BT_CSE, BT_ME, BT_ME, BT_CE, BT_ME, BT_CE, BT_CSE, BT_ME, BT_ME, BT_ME, BT_CE, BT_CE, BT_CE, BT_CE, BT_CSE, BT_CSE, BT_EE, BT_EE, BT_EE, BT_ME, BT_ME","Library, Sports, Auditorium, Medical/Hospital, IT Infrastructure",Bhilai,Chhattisgarh,India,Public/Government,197656.92307692306
Swami Vivekanand University,Co-Ed,65 Acres,13645,246,2012,,,"BT_CE, BT_ECE, BT_ME, BT_CSE, BT_CE, BT_ECE, BT_ME","Boys Hostel, Girls Hostel, Library, Sports, Cafeteria, Auditorium, Medical/Hospital, Wifi, IT Infrastructure, Classrooms, Transport, Laboratories, Guest Room",Sironja,Madhya Pradesh,India,Private,67613.2183908046
Jaypee University of Engineering and Technology,Co-Ed,125 Acres,1396,326,2010,3.06,,"BT_CSE, BT_ME, BT_CE, BT_ECE, BT_ChemE, MT_ChemE","Boys Hostel, Girls Hostel, Gym, Library, Sports, Cafeteria, Auditorium, Medical/Hospital, Wifi, IT Infrastructure, Transport, Laboratories, Swimming Pool, Convenience Store, Alumni Associations, Parking Facility, Guest Room, Banks Facilities",Chetabarri,Madhya Pradesh,India,Private,394818.1818181818
Aryabhatta Knowledge University,Co-Ed,,42,,2010,,,"BT_CE, BT_ME, BT_CE, BT_CE, BT_CE, BT_CE, BT_CE, BT_CE, BT_CE, BT_EE, BT_EE, BT_EE, BT_EE, BT_ME, BT_CE, BT_CE, BT_CE, BT_CE, BT_CE, BT_CE, BT_CE, BT_CE, BT_CE, BT_CE, BT_CE, BT_CE, BT_CE, BT_CE, BT_CE, BT_CE, BT_CE, BT_CE, BT_CE, BT_CE, BT_CE, BT_CE, BT_CE, BT_CE, BT_CE, BT_CE, BT_CE, BT_CE, BT_CE, BT_CE, BT_CE, BT_CE, BT_CE, BT_CE, BT_CE, BT_CE, BT_CSE, BT_CSE, BT_CSE, BT_CSE, BT_CSE, BT_CSE, BT_CSE, BT_CSE, BT_CSE, BT_CSE, BT_CSE, BT_CSE, BT_CSE, BT_CSE, BT_CSE, BT_CSE, BT_EE, BT_EE, BT_EE, BT_EE, BT_EE, BT_EE, BT_EE, BT_EE, BT_EE, BT_EE, BT_EE, BT_EE, BT_EE, BT_EE, BT_EE, BT_EE, BT_EE, BT_EE, BT_EE, BT_EE, BT_EE, BT_EE, BT_EE, BT_EE, BT_EE, BT_EE, BT_EE, BT_EE, BT_ECE, BT_ECE, BT_ECE, BT_ECE, BT_ECE, BT_ECE, BT_ECE, BT_ECE, BT_ECE, BT_ECE, BT_ECE, BT_ECE, BT_ECE, BT_ECE, BT_ECE, BT_ECE, BT_ECE, BT_ECE, BT_ECE, BT_ECE, BT_ME, BT_ME, BT_ME, BT_ME, BT_ME, BT_ME, BT_ME, BT_ME, BT_ME, BT_ME, BT_ME, BT_ME, BT_ME, BT_ME, BT_ME, BT_ME, BT_ME, BT_ME, BT_ME, BT_ME, BT_ME, BT_ME, BT_ME, BT_ME, BT_ME, BT_ME, BT_ME, BT_ME, BT_ME, BT_ME, BT_ME, BT_ME, BT_ME, BT_ME, BT_ME, BT_ME, BT_ME, BT_ME, BT_ME, BT_ME, BT_ME, BT_ME, BT_ME, BT_CE, BT_CSE, BT_EE, BT_ECE, BT_ME, BT_ECE, BT_CE, BT_CSE, BT_EE, BT_ECE, BT_ECE, BT_ME","Library, Sports, IT Infrastructure, Laboratories",Patna,Bihar,India,Public/Government,179491.34453781514
Singhania University,Co-Ed,30 Acres,,,2007,,,"BT_ChemE, BT_CE, BT_CSE, BT_EE, BT_ECE, BT_ME","Boys Hostel, Girls Hostel, Library, Sports, Cafeteria, IT Infrastructure, Laboratories, Alumni Associations",Rasoolpur,Rajasthan,India,Private,78124.56747404844
Institute of Engineering and Technology,Co-Ed,100 Acres,2500,63,1984,,"Dr APJ Abdul Kalam Technical University, Lucknow","BT_ChemE, BT_CE, BT_CSE, BT_ECE, BT_ME, BT_EE","Boys Hostel, Girls Hostel, Gym, Library, Sports, Cafeteria, Auditorium, Medical/Hospital, Wifi, IT Infrastructure, Transport, Laboratories, Alumni Associations, Guest Room",Sitapur,Uttar Pradesh,India,Private,122500.0
Assam Science and Technology University,Co-Ed,,8,,2010,,,"BT_CSE, BT_CE, BT_CE, BT_ECE, BT_ME, BT_ME, BT_EE, BT_EE, BT_ChemE, BT_CE, BT_CSE, BT_EE, BT_ECE, BT_ME","Library, Sports, IT Infrastructure, Laboratories",Guwahati,Assam,India,Public/Government,172623.75
Ponnaiyah Ramajayam Institute of Science and Technology,Co-Ed,70 Acres,2247,204,1985,,,"BT_CE, BT_CE, BT_CE, BT_CSE, BT_CSE, BT_CSE, BT_ECE, BT_ECE, BT_ECE, BT_ME, BT_ME, BT_ME","Boys Hostel, Girls Hostel, Gym, Library, Sports, Cafeteria, Auditorium, Medical/Hospital, Wifi, IT Infrastructure, Transport, Laboratories, Alumni Associations",Thanjavur,Tamil Nadu,India,Private,112492.06349206349
Dr KN Modi Institute of Engineering and Technology,Co-Ed,,1169,117,1995,,"Dr APJ Abdul Kalam Technical University, Lucknow","BT_CSE, BT_ME, BT_ChemE, BT_CE, BT_EE, BT_ECE","Boys Hostel, Girls Hostel, Gym, Library, Sports, Cafeteria, Auditorium, Medical/Hospital, Wifi, IT Infrastructure, Transport, Laboratories, Swimming Pool, Alumni Associations, Guest Room",Modinagar,Uttar Pradesh,India,Private,326100.0
Baba Ghulam Shah Badshah University,Co-Ed,,2494,174,2002,,,"BT_CE, BT_CSE, BT_ECE, BT_CE, BT_CSE, BT_EE, BT_ECE, BT_EE","Boys Hostel, Girls Hostel, Gym, Library, Sports, Cafeteria, Medical/Hospital, IT Infrastructure, Transport, Banks Facilities",Jammu,Jammu and Kashmir,India,Public/Government,133750.0
Baddi University of Emerging Sciences and Technology,Co-Ed,40 Acres,1348,59,2009,,,"BT_CE, BT_CE, BT_CSE, BT_CSE, BT_EE, BT_EE, BT_ECE, BT_ECE, BT_ME, BT_ME","Boys Hostel, Girls Hostel, Gym, Library, Sports, Auditorium, Wifi, IT Infrastructure, Classrooms, Transport, Laboratories, Alumni Associations, Banks Facilities",Baddi,Himachal Pradesh,India,Private,218031.3725490196
Mewar University,Co-Ed,30 Acres,1203,152,2008,,,"BT_CE, BT_CE, BT_CSE, BT_EE, BT_EE, BT_ECE, BT_ECE, BT_ME, BT_ME, BT_ChemE","Boys Hostel, Girls Hostel, Gym, Library, Sports, Cafeteria, Auditorium, Medical/Hospital, IT Infrastructure, Classrooms, Laboratories, Alumni Associations, Guest Room",Chittorgarh,Rajasthan,India,Private,196701.49253731343
Raja Balwant Singh Engineering Technical Campus,Co-Ed,,1527,25,1996,,"Dr APJ Abdul Kalam Technical University, Lucknow","BT_CSE, BT_ECE, BT_ChemE, BT_CE, BT_EE, BT_ME","Boys Hostel, Girls Hostel, Gym, Library, Sports, Cafeteria, Auditorium, Medical/Hospital, IT Infrastructure, Transport, Laboratories, Alumni Associations, Guest Room",Bichpuri,Uttar Pradesh,India,Private,282928.5714285714
Mohammad Ali Jauhar University,Co-Ed,250 Acres,1760,60,2006,,,"BT_CE, BT_CE, BT_CSE, BT_CSE, BT_ECE, BT_ECE, BT_ME, BT_ME","Boys Hostel, Girls Hostel, Gym, Library, Sports, Cafeteria, Auditorium, IT Infrastructure, Alumni Associations, Banks Facilities",Rampur,Uttar Pradesh,India,Private,80170.09345794392
Mahatma Jyoti Rao Phoole University,Co-Ed,100 Acres,5459,,2009,,,"BT_ChemE, BT_CE, BT_EE, BT_ECE, BT_ME, MT_ChemE","Boys Hostel, Girls Hostel, Library, Sports, Cafeteria, Auditorium, Wifi, IT Infrastructure, Transport, Laboratories, Alumni Associations",Kalwad Kalan and Khurd,Rajasthan,India,Private,125839.08045977012
Biju Patnaik University of Technology,Co-Ed,,157,9,2002,,,"BT_CE, BT_CSE, BT_CSE, BT_CSE, BT_CSE, BT_CSE, BT_ECE, BT_ME, BT_ME, BT_ME, BT_ME, BT_ME, BT_ME, BT_CE, BT_CE, BT_CE, BT_CE, BT_CE, BT_CE, BT_CE, BT_CE, BT_CE, BT_CE, BT_CE, BT_CE, BT_CE, BT_CE, BT_CSE, BT_CSE, BT_CSE, BT_CSE, BT_CSE, BT_CSE, BT_CSE, BT_CSE, BT_EE, BT_EE, BT_EE, BT_EE, BT_EE, BT_EE, BT_EE, BT_EE, BT_EE, BT_EE, BT_EE, BT_EE, BT_EE, BT_EE, BT_EE, BT_EE, BT_ECE, BT_ECE, BT_ECE, BT_ECE, BT_ECE, BT_ME, BT_ME, BT_ME, BT_ME, BT_ME, BT_ME, BT_ME, BT_ME, BT_ME, BT_ME, BT_ME, BT_ME, BT_ME, BT_ME, BT_ME, BT_ME, BT_ME, BT_ME, BT_ME, BT_ME, BT_ME, BT_ME, BT_ME, BT_ME, BT_ME, BT_ME, BT_ME, BT_ME, BT_ME, BT_ME, BT_ME, BT_ME, BT_ME, BT_CE, BT_CSE, BT_EE, BT_ME, BT_ME, BT_ME, BT_ME, BT_ME, BT_ME, BT_ME, BT_ME, BT_CSE, BT_EE, BT_ME, BT_ChemE, BT_CE, BT_CE, BT_CE, BT_CE, BT_CE, BT_CE, BT_CE, BT_CE, BT_CE, BT_CE, BT_CE, BT_CE, BT_CE, BT_CE, BT_CE, BT_CE, BT_CE, BT_CE, BT_CE, BT_CE, BT_CE, BT_CE, BT_CE, BT_CE, BT_CE, BT_CE, BT_CE, BT_CE, BT_CE, BT_CE, BT_CE, BT_CE, BT_CE, BT_CE, BT_CE, BT_CE, BT_CE, BT_CE, BT_CE, BT_CE, BT_CE, BT_CE, BT_CE, BT_CE, BT_CSE, BT_CSE, BT_CSE, BT_CSE, BT_CSE, BT_CSE, BT_CSE, BT_CSE, BT_CSE, BT_CSE, BT_CSE, BT_CSE, BT_CSE, BT_CSE, BT_CSE, BT_CSE, BT_CSE, BT_CSE, BT_CSE, BT_CSE, BT_CSE, BT_CSE, BT_CSE, BT_CSE, BT_CSE, BT_CSE, BT_CSE, BT_CSE, BT_CSE, BT_CSE, BT_CSE, BT_CSE, BT_CSE, BT_CSE, BT_CSE, BT_CSE, BT_CSE, BT_CSE, BT_CSE, BT_CSE","Library, IT Infrastructure, Laboratories",Rourkela,Odisha,India,Public/Government,247117.93893129771
Centurion Institute of Technology,Co-Ed,,,192,2008,,"Centurion University of Technology and Management, Paralakhemundi","BT_EE, BT_ChemE, BT_CE, BT_CSE, BT_ECE, BT_ME","Boys Hostel, Girls Hostel, Gym, Library, Sports, Cafeteria, Auditorium, Medical/Hospital, IT Infrastructure",Khurdha,Odisha,India,Private,360714.28571428574
Tripura University,Co-Ed,75 Acres,9338,172,1987,,,"BT_CE, BT_CE, BT_CSE, BT_CSE, BT_EE, BT_EE, BT_ECE, BT_ECE, BT_ME, BT_ME","Boys Hostel, Girls Hostel, Library, Sports, Cafeteria, Auditorium, Medical/Hospital, Wifi, IT Infrastructure, Banks Facilities",Bikramnagar,Tripura,India,Public/Government,213348.53289473685
CMJ University,Co-Ed,40 Acres,595,,2009,,,"BT_ChemE, BT_CE, BT_CE, BT_CSE, BT_CSE, BT_EE, BT_EE, BT_ECE, BT_ECE, BT_ME, BT_ME, MT_ChemE","Boys Hostel, Girls Hostel, Gym, Library, Sports, Cafeteria, Auditorium, Medical/Hospital, IT Infrastructure, Laboratories, Convenience Store, Alumni Associations",Shillong,Meghalaya,India,Private,75955.59845559846
Maharaja Agrasen University,Co-Ed,19 Acres,1810,131,2013,,,"BT_CSE, BT_CSE, BT_ME, BT_ME, BT_ME, BT_CE, BT_CE, BT_CE, BT_ECE, BT_ECE, BT_ECE","Boys Hostel, Girls Hostel, Gym, Library, Sports, Cafeteria, Auditorium, Medical/Hospital, Wifi, IT Infrastructure, Classrooms, Transport, Convenience Store, Banks Facilities",Solan,Himachal Pradesh,India,Private,255306.1224489796
Assam Don Bosco University,Co-Ed,300 Acres,2746,220,2006,,,"BT_CE, BT_CE, BT_CSE, BT_ECE, BT_ECE, BT_ME, BT_ME","Boys Hostel, Girls Hostel, Library, Sports, Cafeteria, Auditorium, Medical/Hospital, Wifi, IT Infrastructure, Transport, Laboratories, Convenience Store, Alumni Associations",Guwahati,Assam,India,Private,251479.16666666666
Maharaja Ranjit Singh Punjab Technical University,Co-Ed,,2038,118,2015,,,"BT_CSE, BT_CSE, BT_CSE, BT_ECE, BT_ME, BT_ME, BT_CSE, BT_CSE, BT_ECE, BT_ME, BT_CE, BT_CE, BT_CE, BT_CE, BT_CE, BT_CE, BT_CE, BT_CE, BT_CE, BT_CE, BT_CE, BT_CSE, BT_CSE, BT_CSE, BT_CSE, BT_CSE, BT_CSE, BT_CSE, BT_CSE, BT_EE, BT_EE, BT_EE, BT_EE, BT_EE, BT_EE, BT_EE, BT_ECE, BT_ECE, BT_ECE, BT_ECE, BT_ECE, BT_ME, BT_ME, BT_ME, BT_ME, BT_ME, BT_ME, BT_ME, BT_ME, BT_ME, BT_CE, BT_CSE, BT_CSE, BT_ECE, BT_ME, BT_CE, BT_CE, BT_CE, BT_CE, BT_CE, BT_CE, BT_CE, BT_CSE, BT_CSE, BT_CSE, BT_CSE, BT_CSE, BT_CSE, BT_EE, BT_EE, BT_EE, BT_EE, BT_EE, BT_EE, BT_EE, BT_ECE, BT_ECE, BT_ECE, BT_ECE, BT_ECE, BT_ME, BT_ME, BT_ME, BT_ME, BT_ME, BT_ME, BT_ME, BT_ME, BT_CE, BT_EE, BT_ME, BT_ECE","Boys Hostel, Girls Hostel, Gym, Library, Sports, Cafeteria, Medical/Hospital, IT Infrastructure, Transport, Laboratories, Alumni Associations, Guest Room",Bathinda,Punjab,India,Public/Government,245559.96
SS College of Engineering,Co-Ed,40 Acres,1052,103,2008,,"Rajasthan Technical University, Kota","BT_ME, BT_CE, BT_CSE, BT_EE, BT_ChemE, BT_ECE","Boys Hostel, Girls Hostel, Gym, Library, Sports, Cafeteria, Auditorium, Medical/Hospital, Wifi, IT Infrastructure, Transport, Laboratories, Guest Room",Umra,Rajasthan,India,Private,308000.0
SD College of Engineering and Technology,Co-Ed,,,98,1997,,"Dr APJ Abdul Kalam Technical University, Lucknow","BT_CSE, BT_EE, BT_ECE, BT_ME, BT_ChemE, BT_CE","Boys Hostel, Girls Hostel, Gym, Library, Sports, Cafeteria, Wifi, IT Infrastructure, Laboratories, Alumni Associations",Muzaffarnagar,Uttar Pradesh,India,Private,172000.0
Ansal University,Co-Ed,14 Acres,2172,150,2012,,,"BT_CE, BT_ME, BT_CE, BT_ME, BT_CE, BT_ME, BT_CE, BT_ME, BT_CE, BT_ME, BT_CE, BT_ME, BT_CE, BT_ME, BT_CE, BT_ME, BT_CE, BT_ME, BT_CE, BT_ME, BT_CE, BT_ME, BT_CE, BT_ME, BT_CE, BT_ME, BT_CE, BT_ME, BT_CE, BT_ME, BT_CE, BT_ME, BT_CE, BT_ME, BT_CE, BT_ME, BT_CE, BT_ME, BT_CE, BT_ME, BT_CE, BT_ME, BT_CE, BT_ME, BT_CE, BT_ME, BT_CE, BT_ME, BT_CE, BT_ME, BT_CE, BT_ME, BT_CE, BT_ME, BT_CE, BT_ME, BT_CE, BT_ME, BT_CE, BT_ME, BT_CE, BT_ME, BT_CE, BT_ME, BT_CE, BT_ME, BT_CE, BT_ME, BT_CE, BT_ME, BT_CE, BT_ME, BT_CE, BT_ME, BT_CE, BT_ME, BT_CE, BT_ME, BT_CE, BT_ME, BT_CE, BT_ME","Boys Hostel, Girls Hostel, Gym, Library, Sports, Cafeteria, Auditorium, Medical/Hospital, Wifi, IT Infrastructure, Transport, Laboratories, Alumni Associations",Gurugram,Haryana,India,Private,731392.8571428572
Sri Sai University,Co-Ed,250 Acres,943,81,2011,,,"BT_CE, BT_CSE, BT_EE, BT_ECE, BT_ME, BT_CE, BT_EE, BT_ECE, BT_ME","Boys Hostel, Girls Hostel, Library, Sports, Cafeteria, Auditorium, Medical/Hospital, Wifi, IT Infrastructure, Transport, Alumni Associations, Guest Room, Banks Facilities",Gangoh,Himachal Pradesh,India,Private,184481.0810810811
Sunrise Group of Institutions,Co-Ed,11 Acres,,135,2003,,"Rajasthan Technical University, Kota","BT_CE, BT_ME, BT_ChemE, BT_CSE, BT_EE, BT_ECE","Boys Hostel, Girls Hostel, Library, Sports, Cafeteria, Auditorium, Wifi, IT Infrastructure, Transport, Laboratories",Udaipur,Rajasthan,India,Private,181692.3076923077
Stallion College For Engineering and Technology,Co-Ed,,,121,2010,,"Dr APJ Abdul Kalam Technical University, Lucknow","BT_ChemE, BT_CE, BT_CSE, BT_EE, BT_ECE, BT_ME","Boys Hostel, Girls Hostel, Library, Sports, Cafeteria, Medical/Hospital, IT Infrastructure",Chhutmalpur,Uttar Pradesh,India,Private,212000.0
